<?xml version="1.0" encoding="UTF-8"?>
<!DOCTYPE suite SYSTEM "https://testng.org/testng-1.0.dtd">
<!-- <suite name="PSM_BDD">
	<test name="Test Scenarios">
		<classes>
			<class name="testrunners.TestRunner">
			
		</classes>
	</test>
</suite> -->

<!-- <parameter name="automationName" value="${automation.name}"/>-->
    <!--<parameter name="browser" value="${browser.name}"/>-->
   <!-- <parameter name="environment" value="${environment}"/> -->
<suite name="PSM_BDD">
  <test thread-count="5" name="Test Scenarios">
    <classes>
      <class name="testrunners.TestRunner"/>
    </classes>
  </test> <!-- Test -->
</suite> <!-- Suite -->